{"t":[0.0,0.04,0.08,0.12,0.16,0.2,0.24,0.28,0.32,0.36,0.4,0.44,0.48,0.52,0.56,0.6,0.64,0.68,0.72,0.76,0.8,0.84,0.88,0.92,0.96,1.0,1.04,1.08,1.12,1.16,1.2,1.24,1.28,1.32,1.36,1.4,1.44,1.48,1.52,1.56,1.6,1.64,1.68,1.72,1.76,1.8,1.84,1.88,1.92,1.96,2.0,2.04,2.08,2.12,2.16,2.2,2.24,2.28,2.32,2.36,2.4,2.44,2.48,2.52,2.56,2.6,2.64,2.68,2.72,2.76,2.8,2.84,2.88,2.92,2.96,3.0,3.04,3.08,3.12,3.16,3.2,3.24,3.28,3.32,3.36,3.4,3.44,3.48,3.52,3.56,3.6,3.64,3.68,3.72,3.76,3.8,3.84,3.88,3.92,3.96,4.0,4.04,4.08,4.12,4.16,4.2,4.24,4.28,4.32,4.36,4.4,4.44,4.48,4.52,4.56,4.6,4.64,4.68,4.72,4.76,4.8,4.84,4.88,4.92,4.96,5.0,5.04,5.08,5.12,5.16,5.2,5.24,5.28,5.32,5.36,5.4,5.44,5.48,5.52,5.56,5.6,5.64,5.68,5.72,5.76,5.8,5.84,5.88,5.92,5.96,6.0,6.04,6.08,6.12,6.16,6.2,6.24,6.28,6.32,6.36,6.4,6.44,6.48,6.52,6.56,6.6,6.64,6.68,6.72,6.76,6.8,6.84,6.88,6.92,6.96,7.0,7.04,7.08,7.12,7.16,7.2,7.24,7.28,7.32,7.36,7.4,7.44,7.48,7.52,7.56,7.6,7.64,7.68,7.72,7.76,7.8,7.84,7.88,7.92,7.96,8.0,8.04,8.08,8.12,8.16,8.2,8.24,8.28,8.32,8.36,8.4,8.44,8.48,8.52,8.56,8.6,8.64,8.68,8.72,8.76,8.8,8.84,8.88,8.92,8.96,9.0,9.04,9.08,9.12,9.16,9.2,9.24,9.28,9.32,9.36,9.4,9.44,9.48,9.52,9.56,9.6,9.64,9.68,9.72,9.76,9.8,9.84,9.88,9.92,9.96,10.0],"quat1":[[1.0,0.0,0.0,0.0],[0.9998,0.01998,0.0,0.0008],[0.9992,0.03982,0.0,0.00319],[0.99821,0.05939,0.0,0.00716],[0.99683,0.07856,0.0,0.01268],[0.99507,0.09719,0.0,0.0197],[0.99295,0.11517,0.0,0.02818],[0.99047,0.13237,0.0,0.03806],[0.98766,0.14868,0.0,0.04927],[0.98453,0.164,0.0,0.06173],[0.9811,0.17821,0.0,0.07535],[0.97741,0.19123,0.0,0.09003],[0.97346,0.20298,0.0,0.10568],[0.9693,0.21339,0.0,0.12218],[0.96494,0.22239,0.0,0.13943],[0.96041,0.22993,0.0,0.1573],[0.95575,0.23596,0.0,0.17568],[0.95098,0.24046,0.0,0.19445],[0.94614,0.2434,0.0,0.21348],[0.94126,0.24477,0.0,0.23264],[0.93636,0.24457,0.0,0.25182],[0.93149,0.24281,0.0,0.27089],[0.92666,0.23951,0.0,0.28972],[0.92192,0.23469,0.0,0.30821],[0.91728,0.2284,0.0,0.32623],[0.91279,0.22068,0.0,0.34368],[0.90846,0.21158,0.0,0.36045],[0.90433,0.20117,0.0,0.37644],[0.90043,0.18953,0.0,0.39155],[0.89676,0.17671,0.0,0.4057],[0.89336,0.16282,0.0,0.4188],[0.89025,0.14793,0.0,0.43077],[0.88745,0.13215,0.0,0.44155],[0.88497,0.11556,0.0,0.45107],[0.88283,0.09828,0.0,0.45929],[0.88105,0.0804,0.0,0.46615],[0.87962,0.06204,0.0,0.47161],[0.87857,0.04331,0.0,0.47565],[0.87789,0.02431,0.0,0.47824],[0.8776,0.00518,0.0,0.47937],[0.87768,-0.01399,0.0,0.47903],[0.87816,-0.03308,0.0,0.47723],[0.87901,-0.05197,0.0,0.47397],[0.88023,-0.07054,0.0,0.46927],[0.88183,-0.08869,0.0,0.46316],[0.88378,-0.10631,0.0,0.45567],[0.88607,-0.12329,0.0,0.44685],[0.8887,-0.13952,0.0,0.43674],[0.89165,-0.1549,0.0,0.4254],[0.89489,-0.16934,0.0,0.4129],[0.89842,-0.18275,0.0,0.39932],[0.9022,-0.19504,0.0,0.38471],[0.90621,-0.20612,0.0,0.36919],[0.91043,-0.21593,0.0,0.35283],[0.91484,-0.2244,0.0,0.33573],[0.9194,-0.23147,0.0,0.318],[0.92409,-0.23709,0.0,0.29975],[0.92887,-0.24122,0.0,0.28109],[0.93372,-0.24381,0.0,0.26213],[0.93861,-0.24486,0.0,0.243],[0.94351,-0.24433,0.0,0.22381],[0.94838,-0.24224,0.0,0.2047],[0.95319,-0.23858,0.0,0.18577],[0.95791,-0.23337,0.0,0.16717],[0.96251,-0.22664,0.0,0.14901],[0.96697,-0.21843,0.0,0.1314],[0.97124,-0.20877,0.0,0.11448],[0.97531,-0.19774,0.0,0.09836],[0.97914,-0.18539,0.0,0.08315],[0.98271,-0.17181,0.0,0.06894],[0.98601,-0.15708,0.0,0.05585],[0.98899,-0.1413,0.0,0.04395],[0.99165,-0.12456,0.0,0.03335],[0.99397,-0.10699,0.0,0.0241],[0.99593,-0.08869,0.0,0.01629],[0.99751,-0.0698,0.0,0.00995],[0.99871,-0.05043,0.0,0.00514],[0.99953,-0.03071,0.0,0.00189],[0.99994,-0.01079,0.0,0.00023],[0.99996,0.0092,-0.0,0.00017],[0.99957,0.02913,-0.0,0.0017],[0.99879,0.04887,-0.0,0.00482],[0.99762,0.06827,-0.0,0.00951],[0.99607,0.08721,-0.0,0.01573],[0.99414,0.10556,-0.0,0.02343],[0.99185,0.12319,-0.0,0.03256],[0.98922,0.14,-0.0,0.04306],[0.98625,0.15586,-0.0,0.05485],[0.98299,0.17068,-0.0,0.06786],[0.97944,0.18435,-0.0,0.08198],[0.97562,0.1968,-0.0,0.09712],[0.97157,0.20794,-0.0,0.11317],[0.96731,0.21771,-0.0,0.13003],[0.96287,0.22604,-0.0,0.14758],[0.95828,0.23289,-0.0,0.1657],[0.95357,0.23822,-0.0,0.18428],[0.94876,0.24201,-0.0,0.20318],[0.9439,0.24422,-0.0,0.22229],[0.939,0.24487,-0.0,0.24147],[0.93411,0.24395,-0.0,0.26061],[0.92926,0.24148,-0.0,0.27959],[0.92446,0.23748,-0.0,0.29828],[0.91977,0.23197,-0.0,0.31657],[0.9152,0.22502,-0.0,0.33434],[0.91078,0.21666,-0.0,0.35149],[0.90654,0.20695,-0.0,0.36791],[0.90251,0.19596,-0.0,0.38351],[0.89871,0.18377,-0.0,0.39819],[0.89516,0.17045,-0.0,0.41186],[0.8919,0.15609,-0.0,0.42445],[0.88893,0.14077,-0.0,0.43588],[0.88627,0.12461,-0.0,0.44609],[0.88395,0.10769,-0.0,0.45502],[0.88197,0.09012,-0.0,0.46261],[0.88035,0.072,-0.0,0.46884],[0.87909,0.05346,-0.0,0.47365],[0.87821,0.03459,-0.0,0.47702],[0.87771,0.01552,-0.0,0.47894],[0.87759,-0.00365,-0.0,0.4794],[0.87785,-0.02279,-0.0,0.47839],[0.8785,-0.0418,-0.0,0.47591],[0.87952,-0.06056,-0.0,0.47198],[0.88092,-0.07895,-0.0,0.46663],[0.88268,-0.09687,-0.0,0.45988],[0.88479,-0.11421,-0.0,0.45178],[0.88724,-0.13085,-0.0,0.44235],[0.89002,-0.14671,-0.0,0.43167],[0.89311,-0.16167,-0.0,0.41979],[0.89648,-0.17565,-0.0,0.40678],[0.90012,-0.18855,-0.0,0.39272],[0.90401,-0.20029,-0.0,0.37768],[0.90813,-0.2108,-0.0,0.36176],[0.91244,-0.22,-0.0,0.34505],[0.91692,-0.22783,-0.0,0.32765],[0.92154,-0.23424,-0.0,0.30966],[0.92628,-0.23918,-0.0,0.29121],[0.9311,-0.2426,-0.0,0.2724],[0.93597,-0.24449,-0.0,0.25334],[0.94087,-0.24481,-0.0,0.23417],[0.94575,-0.24357,-0.0,0.215],[0.9506,-0.24075,-0.0,0.19596],[0.95537,-0.23638,-0.0,0.17717],[0.96004,-0.23046,-0.0,0.15875],[0.96458,-0.22304,-0.0,0.14083],[0.96896,-0.21416,-0.0,0.12353],[0.97314,-0.20386,-0.0,0.10696],[0.9771,-0.19221,-0.0,0.09124],[0.98082,-0.17929,-0.0,0.07648],[0.98427,-0.16517,-0.0,0.06277],[0.98742,-0.14994,-0.0,0.05022],[0.99026,-0.13371,-0.0,0.03891],[0.99276,-0.11657,-0.0,0.02892],[0.99491,-0.09865,-0.0,0.02033],[0.9967,-0.08006,-0.0,0.01318],[0.99811,-0.06093,-0.0,0.00754],[0.99914,-0.04139,-0.0,0.00345],[0.99977,-0.02156,-0.0,0.00093],[1.0,-0.00159,-0.0,0.00001],[0.99983,0.01839,0.0,0.00068],[0.99926,0.03825,0.0,0.00294],[0.9983,0.05784,0.0,0.00679],[0.99695,0.07705,0.0,0.01218],[0.99522,0.09573,0.0,0.01909],[0.99313,0.11377,0.0,0.02746],[0.99068,0.13104,0.0,0.03723],[0.98789,0.14742,0.0,0.04833],[0.98479,0.16281,0.0,0.06069],[0.98139,0.17712,0.0,0.07422],[0.97771,0.19024,0.0,0.08882],[0.97379,0.2021,0.0,0.1044],[0.96964,0.21261,0.0,0.12084],[0.96529,0.22173,0.0,0.13803],[0.96078,0.22938,0.0,0.15586],[0.95613,0.23554,0.0,0.1742],[0.95137,0.24016,0.0,0.19294],[0.94653,0.24322,0.0,0.21196],[0.94165,0.24472,0.0,0.23111],[0.93675,0.24464,0.0,0.25029],[0.93187,0.24301,0.0,0.26937],[0.92704,0.23982,0.0,0.28823],[0.92229,0.23513,0.0,0.30675],[0.91765,0.22895,0.0,0.32482],[0.91314,0.22134,0.0,0.34232],[0.9088,0.21235,0.0,0.35915],[0.90466,0.20205,0.0,0.3752],[0.90073,0.1905,0.0,0.39038],[0.89704,0.17777,0.0,0.40461],[0.89362,0.16396,0.0,0.41779],[0.89049,0.14915,0.0,0.42986],[0.88766,0.13343,0.0,0.44074],[0.88516,0.11691,0.0,0.45036],[0.88299,0.09968,0.0,0.45868],[0.88118,0.08184,0.0,0.46565],[0.87972,0.06352,0.0,0.47123],[0.87864,0.04481,0.0,0.47538],[0.87793,0.02583,0.0,0.47809],[0.87761,0.0067,0.0,0.47934],[0.87766,-0.01247,0.0,0.47911],[0.8781,-0.03156,0.0,0.47743],[0.87893,-0.05047,0.0,0.47428],[0.88012,-0.06908,0.0,0.4697],[0.88169,-0.08727,0.0,0.4637],[0.88361,-0.10493,0.0,0.45632],[0.88588,-0.12196,0.0,0.4476],[0.88848,-0.13825,0.0,0.43759],[0.8914,-0.15371,0.0,0.42635],[0.89462,-0.16823,0.0,0.41394],[0.89813,-0.18172,0.0,0.40044],[0.90189,-0.1941,0.0,0.38591],[0.90588,-0.20529,0.0,0.37046],[0.91009,-0.2152,0.0,0.35416],[0.91448,-0.22378,0.0,0.33712],[0.91903,-0.23096,0.0,0.31944],[0.92371,-0.2367,0.0,0.30122],[0.92849,-0.24094,0.0,0.28259],[0.93334,-0.24366,0.0,0.26365],[0.93822,-0.24483,0.0,0.24453],[0.94312,-0.24443,0.0,0.22534],[0.94799,-0.24246,0.0,0.20621],[0.95281,-0.23893,0.0,0.18727],[0.95754,-0.23384,0.0,0.16864],[0.96215,-0.22723,0.0,0.15043],[0.96662,-0.21913,0.0,